Country Name,Region,Subregion,Intermediate Region,GNI,Internet use,International tourism,"Life expectancy, female","Life expectancy, male",Physicians per 1000,Population,Women in national parliament,"Tertiary education, female","Tertiary education, male",Greenhouse gas emissions,High Income Economy
Afghanistan,Asia,Southern Asia,Southern Asia,19996141020.0625,11.44768809,,66.388,63.382,0.2782,38928341.0,27.0161290322581,4.90507984161377,14.2081003189087,98920.0,No
Albania,Europe,Southern Europe,Southern Europe,14541470525.5407,69.64285467,6406000.0,80.201,77.002,1.2164,2837743.0,29.5081967213115,73.3405303955078,46.9440383911133,10080.0,No
Algeria,Africa,Northern Africa,Northern Africa,141854503347.616,49.03846808,2371000.0,78.133,75.676,1.7193,43851043.0,25.7575757575758,64.4208068847656,38.8316993713379,218910.0,No
American Samoa,Oceania,Polynesia,Polynesia,189700000.0,0.0,52700.0007629395,,,0.781,55197.0,,,,20.7495349,No
Andorra,Europe,Southern Europe,Southern Europe,,91.56746703,8235000.0,,,3.3333,77265.0,46.4285714285714,,,590.0,No
Angola,Africa,Sub-Saharan Africa,Middle Africa,57402543636.1712,14.33907936,218000.0,64.039,58.416,0.2146,32866268.0,30.0,8.45324993133545,10.2382297515869,79730.0,No
Antigua and Barbuda,Americas,Latin America and the Caribbean,Caribbean,1390371092.38578,73.0,1035000.0,78.104,75.858,2.956,97928.0,11.1111111111111,34.2888603210449,15.2688798904419,1210.0,Yes
Argentina,Americas,Latin America and the Caribbean,South America,372835129455.679,74.29490687,7399000.0,79.995,73.242,3.9901,45376763.0,40.8560311284047,112.798439025879,67.7747268676758,365650.0,No
Armenia,Asia,Western Asia,Western Asia,12446598216.9565,68.24505226,1894000.0,78.516,71.327,4.4023,2963234.0,23.4848484848485,59.4484710693359,44.3823699951172,9360.0,No
Aruba,Americas,Latin America and the Caribbean,Caribbean,2991584752.18033,97.17,1951000.0,78.641,73.768,1.12,106766.0,,20.6979198455811,10.6673498153687,616.928696,Yes
Australia,Oceania,Australia and New Zealand,Australia and New Zealand,1303127765115.97,86.54504885,9466000.0,85.0,80.9,3.6778,25687041.0,30.4635761589404,124.439758300781,91.8328628540039,615380.0,Yes
Austria,Europe,Western Europe,Western Europe,447294996188.235,87.75220479,31884000.0,84.2,79.5,5.1697,8917205.0,39.344262295082,94.6315612792969,79.208251953125,74980.0,Yes
Azerbaijan,Asia,Western Asia,Western Asia,42150898470.5882,79.79999549,3170000.0,75.455,70.511,3.446,10110116.0,17.3553719008264,34.0135803222656,29.3166809082031,80260.0,No
"Bahamas, The",Americas,Latin America and the Caribbean,Caribbean,10816902726.9444,85.0,7250000.0,76.081,71.659,2.0068,393248.0,12.8205128205128,22.1373500823975,8.17963981628418,2640.0,Yes
Bahrain,Asia,Western Asia,Western Asia,36313430851.0638,99.70150438,11061000.0,78.423,76.436,0.9257,1701583.0,15.0,73.9171981811523,41.0149307250977,48950.0,Yes
Bangladesh,Asia,Southern Asia,Southern Asia,338933058607.445,12.9,323000.0,74.595,70.877,0.5809,164689383.0,20.9169054441261,20.0184707641602,27.867769241333,198970.0,No
Barbados,Americas,Latin America and the Caribbean,Caribbean,4184197640.16837,81.76077839,966000.0,80.482,77.814,2.4843,287371.0,20.0,90.5716094970703,40.3346290588379,3790.0,Yes
Belarus,Europe,Eastern Europe,Eastern Europe,57647179086.7355,82.78915209,11832000.0,79.4,69.3,5.1905,9398861.0,40.0,95.0921401977539,80.1762390136719,88140.0,No
Belgium,Europe,Western Europe,Western Europe,539738514469.019,90.37051309,9343000.0,84.0,79.6,3.0709,11555997.0,41.3333333333333,89.7369995117188,68.5491409301758,108750.0,Yes
Belize,Americas,Latin America and the Caribbean,Central America,1605121125.71739,47.0826258,1674000.0,77.843,71.65,1.1229,397621.0,9.67741935483871,31.3157501220703,18.6600208282471,1560.0,No
Benin,Africa,Sub-Saharan Africa,Western Africa,15488837234.83,14.11901233,337000.0,63.324,60.201,0.0791,12123198.0,7.2289156626506,7.94633007049561,17.0004405975342,17380.0,No
Bermuda,Americas,Northern America,Northern America,7587978000.0,98.37,805000.0,85.79,78.13,1.766,63903.0,,22.905330657959,15.2836103439331,932.164785,Yes
Bhutan,Asia,Southern Asia,Southern Asia,2194394782.26136,41.77264453,316000.0,72.176,71.405,0.4242,771612.0,14.8936170212766,16.9726505279541,15.9781398773193,2470.0,No
Bolivia,Americas,Latin America and the Caribbean,South America,36171181928.3489,44.28614216,1239000.0,74.508,68.684,1.5901,11673029.0,46.1538461538462,,,56870.0,No
Bosnia and Herzegovina,Europe,Southern Europe,Southern Europe,19854234711.7065,69.94634763,1198000.0,79.857,74.893,2.1616,3280815.0,26.1904761904762,48.4900817871094,32.3972015380859,27190.0,No
Botswana,Africa,Sub-Saharan Africa,Southern Africa,14523517159.7425,41.41379464,1830000.0,72.386,66.485,0.5269,2351625.0,10.7692307692308,29.9308605194092,20.2984504699707,16120.0,No
Brazil,Americas,Latin America and the Caribbean,South America,1417068693062.22,70.43428254,6353000.0,79.555,72.243,2.1643,212559409.0,14.6198830409357,49.3431396484375,37.5700302124023,1032640.0,No
British Virgin Islands,Americas,Latin America and the Caribbean,Caribbean,,77.70426829,302399.993896484,,,,30237.0,,20.9433994293213,11.6558704376221,75.150653,No
Brunei Darussalam,Asia,South-eastern Asia,South-eastern Asia,13830513707.6675,95.0,333000.0,77.106,74.728,1.609,437483.0,9.09090909090909,38.7697486877441,24.9108390808105,16620.0,Yes
Bulgaria,Europe,Eastern Europe,Eastern Europe,67448118627.2796,67.94698094,12552000.0,78.5,71.5,4.0332,6927288.0,26.6666666666667,79.3370208740234,64.1923522949219,53330.0,No
Burkina Faso,Africa,Sub-Saharan Africa,Western Africa,16664828374.0291,15.87620691,143000.0,62.294,60.739,0.0847,20903278.0,6.2992125984252,5.08252000808716,9.04790019989014,30850.0,No
Burundi,Africa,Sub-Saharan Africa,Eastern Africa,3274862978.00159,2.660748535,299000.0,63.377,59.764,0.1001,11890781.0,38.2113821138211,3.07171010971069,5.05225992202759,5520.0,No
Cabo Verde,Africa,Sub-Saharan Africa,Western Africa,1665037015.07402,57.16214635,758000.0,76.197,69.526,0.7814,555988.0,25.0,28.3465194702148,19.0447692871094,830.0,No
Cambodia,Asia,South-eastern Asia,South-eastern Asia,24280926776.4293,40.5459865,6611000.0,71.909,67.538,0.1927,16718971.0,20.0,14.3046503067017,15.1637096405029,37460.0,No
Cameroon,Africa,Sub-Saharan Africa,Middle Africa,39216657302.6446,23.20297197,997000.0,60.561,58.029,0.0881,26545864.0,33.8888888888889,13.4038400650024,15.124810218811,89050.0,No
Canada,Americas,Northern America,Northern America,1623832278832.82,92.70137191,32430000.0,84.2,80.0,2.6102,38005238.0,28.9940828402367,80.5779571533203,60.1653709411621,724930.0,Yes
Cayman Islands,Americas,Latin America and the Caribbean,Caribbean,4493181807.27229,81.06769325,2334000.0,84.7,79.8,1.939,65720.0,,40.3080902099609,18.020299911499,300.260998,Yes
Central African Republic,Africa,Sub-Saharan Africa,Middle Africa,2456787986.5349,4.339254945,109000.0,55.514,51.081,0.0721,4829764.0,8.57142857142857,1.60101997852325,4.36418008804321,55680.0,No
Chad,Africa,Sub-Saharan Africa,Middle Africa,9948225335.65794,6.49999812,87000.0,55.669,52.835,0.0434,16425859.0,15.4320987654321,1.45915997028351,5.03182983398438,80680.0,No
Channel Islands,,,,10888355342.1369,,,84.915,81.173,1.522,173859.0,,,,,Yes
Chile,Americas,Latin America and the Caribbean,South America,242004999226.594,82.32748693,5431000.0,82.442,77.771,2.5912,19116209.0,22.5806451612903,97.8928604125977,84.1182403564453,109590.0,No
China,Asia,Eastern Asia,Eastern Asia,14623681312311.6,54.3,162538000.0,79.244,74.761,1.9798,1402112000.0,24.9411764705882,59.4699211120605,48.7249183654785,12355240.0,No
Colombia,Americas,Latin America and the Caribbean,South America,265961027764.917,65.00690072,4529000.0,80.019,74.528,2.1848,50882884.0,18.3431952662722,59.7243385314941,51.0903396606445,184100.0,No
Comoros,Africa,Sub-Saharan Africa,Eastern Africa,1227286590.8804,8.478170295,45099.9984741211,66.121,62.587,0.2715,869595.0,16.6666666666667,8.04878997802734,9.91273975372314,590.0,No
"Congo, Dem. Rep.",Africa,Sub-Saharan Africa,Middle Africa,48596099296.416,8.619904916,351000.0,62.233,59.147,0.074,89561404.0,12.8,4.73100996017456,8.46605968475342,58700.0,No
"Congo, Rep.",Africa,Sub-Saharan Africa,Middle Africa,9312877437.95019,8.65,158000.0,66.023,63.082,0.1645,5518092.0,11.2582781456954,10.1462001800537,15.1720199584961,9370.0,No
Costa Rica,Americas,Latin America and the Caribbean,Central America,58035887491.0263,81.20259644,3366000.0,82.893,77.739,2.8939,5094114.0,45.6140350877193,63.6180610656738,51.9770812988281,15810.0,No
Cote d'Ivoire,Africa,Sub-Saharan Africa,Western Africa,59585159229.0292,36.45378947,2070000.0,59.119,56.593,0.2314,26378275.0,11.3725490196078,7.63549995422363,11.0614795684814,22900.0,No
Croatia,Europe,Southern Europe,Southern Europe,56213927132.0212,79.07978368,60021000.0,81.6,75.4,2.9996,4047200.0,31.1258278145695,79.0544204711914,56.7811813354492,22550.0,Yes
Cuba,Americas,Latin America and the Caribbean,Caribbean,90086000000.0,61.83630006,4276000.0,80.779,76.84,8.4218,11326616.0,53.2231404958678,51.0078392028809,32.282901763916,41860.0,No
Curacao,Americas,Latin America and the Caribbean,Caribbean,3234078212.2905,68.12721625,1293000.0,81.5,74.7,,155014.0,,29.58909034729,12.9960298538208,,Yes
Cyprus,Asia,Western Asia,Western Asia,22802068532.2673,86.06362996,4117000.0,83.032,78.921,1.9509,1207361.0,19.6428571428571,84.4954986572266,78.0345001220703,8600.0,Yes
Czech Republic,Europe,Eastern Europe,Eastern Europe,235270023656.641,80.86694441,36268000.0,82.1,76.3,4.1208,10698896.0,22.5,74.5298080444336,53.498348236084,122840.0,Yes
Denmark,Europe,Northern Europe,Northern Europe,365688067984.156,98.04643475,32903000.0,83.2,79.3,4.0099,5831404.0,39.6648044692737,94.4328918457031,68.6591720581055,45870.0,Yes
Djibouti,Africa,Sub-Saharan Africa,Eastern Africa,3288872886.56313,55.68140925,63000.0,69.357,65.116,0.2237,988002.0,26.1538461538462,4.56801986694336,6.02586984634399,1480.0,No
Dominica,Americas,Latin America and the Caribbean,Caribbean,483678596.972585,69.61966879,322000.0,78.8,74.5,1.1189,71991.0,34.375,7.25008010864258,7.21909999847412,240.0,No
Dominican Republic,Americas,Latin America and the Caribbean,Caribbean,74984131332.4311,74.82428986,7550000.0,77.381,70.991,1.56,10847904.0,27.8947368421053,77.0124206542969,42.9821395874023,39060.0,No
Ecuador,Americas,Latin America and the Caribbean,South America,95950843000.0,54.06292473,2108000.0,79.838,74.282,2.0368,17643060.0,39.4160583941606,48.3974685668945,41.5069808959961,65680.0,No
"Egypt, Arab Rep.",Africa,Northern Africa,Northern Africa,351715245165.315,57.28286878,13026000.0,74.35,69.742,0.4521,102334403.0,27.4111675126904,35.7768783569336,34.5784606933594,329220.0,No
El Salvador,Americas,Latin America and the Caribbean,Central America,23324940000.0,33.8207289,2639000.0,77.842,68.455,1.5662,6486201.0,33.3333333333333,31.1478004455566,27.542760848999,12350.0,No
Equatorial Guinea,Africa,Sub-Saharan Africa,Middle Africa,7454529309.38793,26.23999996,,59.918,57.743,0.4017,1402985.0,21.0,1.22457003593445,2.3850998878479,19270.0,No
Eritrea,Africa,Sub-Saharan Africa,Eastern Africa,2041455160.97561,1.30890698,142000.0,68.555,64.153,0.0628,3213969.0,22.0,2.78560996055603,3.92878007888794,7480.0,No
Estonia,Europe,Northern Europe,Northern Europe,30759017473.7254,89.53232756,6103000.0,82.8,74.4,4.4833,1331057.0,28.7128712871287,85.3483810424805,56.3122482299805,18610.0,Yes
Eswatini,Africa,Sub-Saharan Africa,Southern Africa,3751567728.91541,30.3,1226000.0,64.845,56.007,0.3285,1160164.0,9.58904109589041,6.56376981735229,6.95044994354248,3120.0,No
Ethiopia,Africa,Sub-Saharan Africa,Eastern Africa,107062239280.072,18.61805145,812000.0,68.536,64.694,0.0769,114963583.0,38.7568555758684,5.2631402015686,10.8920001983643,172230.0,No
Faroe Islands,Europe,Northern Europe,Northern Europe,3219884847.21264,97.58195894,,85.0,80.6,,48865.0,,,,,Yes
Fiji,Oceania,Melanesia,Melanesia,4114600096.40808,49.96637301,969000.0,69.331,65.698,0.86,896444.0,19.6078431372549,17.604700088501,14.7469301223755,2820.0,No
Finland,Europe,Northern Europe,Northern Europe,274196740110.507,89.60738511,3290000.0,84.5,79.2,3.8118,5530719.0,46.0,98.0627975463867,82.810417175293,54490.0,Yes
France,Europe,Western Europe,Western Europe,2771809930478.43,83.33974409,211998000.0,85.6,79.7,3.2672,67391582.0,39.5147313691508,75.2104797363281,60.3403816223145,423350.0,Yes
French Polynesia,Oceania,Polynesia,Polynesia,3447543137.9415,72.70389531,300000.0,79.898,75.612,1.697,280904.0,,,,1020.73382,No
Gabon,Africa,Sub-Saharan Africa,Middle Africa,14503352951.4882,50.32012015,526000.0,68.669,64.382,0.6819,2225728.0,14.7887323943662,6.12375020980835,10.4272298812866,7460.0,No
"Gambia, The",Africa,Sub-Saharan Africa,Western Africa,1868469062.1863,19.83645444,619000.0,63.481,60.656,0.1021,2416664.0,8.62068965517241,2.24482011795044,3.20948004722595,2790.0,No
Georgia,Asia,Western Asia,Western Asia,15137018591.1869,68.84671356,7726000.0,78.14,69.349,7.1201,3714000.0,20.6666666666667,68.1185073852539,60.1599006652832,16900.0,No
Germany,Europe,Western Europe,Western Europe,3914470541609.35,88.13451691,39563000.0,83.4,78.6,4.2488,83240525.0,31.1706629055007,71.4854507446289,69.2855529785156,806090.0,Yes
Ghana,Africa,Sub-Saharan Africa,Western Africa,70776627999.4372,37.88415262,897000.0,65.177,62.991,0.1359,31072945.0,13.0909090909091,15.7771501541138,18.624870300293,44500.0,No
Gibraltar,Europe,Southern Europe,Southern Europe,,94.44447158,,,,,33691.0,,,,146.733922,No
Greece,Europe,Southern Europe,Southern Europe,203644992868.4,75.67120669,34005000.0,84.5,79.5,5.4789,10715549.0,21.6666666666667,142.882431030273,142.823150634766,84750.0,Yes
Greenland,Americas,Northern America,Northern America,2042180079.72519,69.48246178,,73.04,68.32,1.135,56367.0,,,,,Yes
Grenada,Americas,Latin America and the Caribbean,Caribbean,984811682.878589,59.07173536,526000.0,74.953,70.073,1.4067,112519.0,46.6666666666667,116.224258422852,93.2010726928711,2360.0,No
Guam,Oceania,Micronesia,Micronesia,,80.50546556,1667000.0,83.55,76.828,1.084,168783.0,,,,59.5164813,No
Guatemala,Americas,Latin America and the Caribbean,Central America,76206231566.9147,40.70304908,2560000.0,77.151,71.382,0.3549,16858333.0,19.375,23.5578994750977,20.0413703918457,35400.0,No
Guinea,Africa,Sub-Saharan Africa,Western Africa,14340050917.1588,21.83002304,99000.0,62.117,60.855,0.0832,13132792.0,16.6666666666667,6.99000978469849,16.2015590667725,28890.0,No
Guinea-Bissau,Africa,Sub-Saharan Africa,Western Africa,1456255016.62653,3.930509152,52400.0015258789,60.213,56.305,0.1274,1967998.0,13.7254901960784,0.0607100017368793,0.97377997636795,2800.0,No
Guyana,Americas,Latin America and the Caribbean,South America,4266532421.40669,37.32583679,315000.0,73.095,66.927,0.8023,786559.0,35.7142857142857,15.387619972229,7.78786993026733,5040.0,No
Haiti,Americas,Latin America and the Caribbean,Caribbean,13446602202.8186,32.47362713,938000.0,66.182,61.831,0.2343,11402533.0,2.54237288135593,0.533599972724915,1.59488999843597,9930.0,No
Honduras,Americas,Latin America and the Caribbean,Central America,22201408353.3006,32.13636364,2315000.0,77.551,72.96,0.3089,9904608.0,21.09375,30.2833099365234,22.1838207244873,22400.0,No
"Hong Kong SAR, China",Asia,Eastern Asia,Eastern Asia,365719202805.136,91.74340039,55913000.0,88.1,82.2,1.319,7481800.0,,85.470100402832,76.6970825195313,36448.702,Yes
Hungary,Europe,Eastern Europe,Eastern Europe,159229639441.272,80.37169361,61397000.0,79.3,72.9,3.4075,9749763.0,12.0603015075377,55.5622291564941,45.302360534668,60920.0,Yes
Iceland,Europe,Northern Europe,Northern Europe,24634234577.5015,99.01095399,2202000.0,84.2,81.0,4.0778,366425.0,38.0952380952381,95.7039184570313,51.765079498291,3440.0,Yes
India,Asia,Southern Asia,Southern Asia,2598299250058.05,20.08130004,17914000.0,70.95,68.464,0.8571,1380004385.0,14.3646408839779,30.217960357666,27.1105194091797,3374990.0,No
Indonesia,Asia,South-eastern Asia,South-eastern Asia,1029919366254.2,47.69064898,16107000.0,73.967,69.572,0.4269,273523621.0,20.3478260869565,38.9936599731445,33.7519607543945,969580.0,No
"Iran, Islamic Rep.",Asia,Southern Asia,Southern Asia,192237493038.314,70.00455222,9107000.0,77.885,75.593,1.5844,83992953.0,5.59440559440559,58.9113388061523,66.6073608398438,828280.0,No
Iraq,Asia,Western Asia,Western Asia,165414179484.228,75.00000131,892000.0,72.652,68.565,0.7079,40222503.0,26.4437689969605,11.9853801727295,20.128719329834,215690.0,No
Ireland,Europe,Northern Europe,Northern Europe,308373119536.768,84.52230206,10951000.0,84.3,80.4,3.3125,4994724.0,22.5,82.0600662231445,72.7032928466797,65090.0,Yes
Isle of Man,Europe,Northern Europe,Northern Europe,7111914609.73983,,,81.5,74.6,1.449,85032.0,,,,,Yes
Israel,Asia,Western Asia,Western Asia,392786885849.307,86.78787762,4905000.0,84.7,81.0,4.6249,9216900.0,27.5,72.5549163818359,50.9763984680176,87830.0,Yes
Italy,Europe,Southern Europe,Southern Europe,1905932276155.49,74.38718292,95399000.0,85.4,81.1,3.9774,59554023.0,35.7142857142857,74.1234970092773,55.1759185791016,399600.0,Yes
Jamaica,Americas,Latin America and the Caribbean,Caribbean,13253010657.6224,55.07206705,4233000.0,76.118,72.868,1.3061,2961161.0,28.5714285714286,34.6933898925781,19.8818092346191,10020.0,No
Japan,Asia,Eastern Asia,Eastern Asia,5252425968544.02,91.28160849,31882000.0,87.45,81.41,2.4115,125836021.0,9.89247311827957,,,1186770.0,Yes
Jordan,Asia,Western Asia,Western Asia,43567236740.1024,66.79031443,5361000.0,76.306,72.839,2.3237,10203140.0,11.5384615384615,37.3708915710449,31.5100402832031,35810.0,No
Kazakhstan,Asia,Central Asia,Central Asia,154905420732.32,81.87762554,8515000.0,77.3,68.82,3.98,18754440.0,27.1028037383178,68.4419326782227,55.3841514587402,274220.0,No
Kenya,Africa,Sub-Saharan Africa,Eastern Africa,97005399322.162,22.56511937,2049000.0,69.049,64.313,0.1565,53771300.0,21.7765042979943,9.73054027557373,13.2005300521851,78830.0,No
Kiribati,Oceania,Micronesia,Micronesia,350973780.194068,14.58181818,12000.0,72.342,64.248,0.2039,119446.0,8.88888888888889,,,110.0,No
"Korea, Dem. People's Rep.",Asia,Eastern Asia,Eastern Asia,,0.0,,75.744,68.615,3.6834,25778815.0,17.6128093158661,18.050630569458,35.2200012207031,41910.0,No
"Korea, Rep.",Asia,Eastern Asia,Eastern Asia,1643992480337.9,96.15758265,17503000.0,86.3,80.3,2.3608,51780579.0,19.0,84.9479064941406,105.811729431152,718880.0,Yes
Kosovo,Europe,Southern Europe,Southern Europe,7798607179.48718,89.44303197,,74.8,70.3,,1775378.0,,,,,No
Kuwait,Asia,Western Asia,Western Asia,154471896919.875,99.54267645,8565000.0,76.58,74.76,2.6463,4270563.0,6.34920634920635,76.474479675293,37.2107810974121,112970.0,Yes
Kyrgyz Republic,Asia,Central Asia,Central Asia,7406338903.47666,38.19903776,8508000.0,75.8,67.6,2.213,6591600.0,16.5217391304348,47.4444885253906,37.3889312744141,18120.0,No
Lao PDR,Asia,South-eastern Asia,South-eastern Asia,18094142643.7441,25.51043508,4791000.0,69.746,66.142,0.3726,7275556.0,27.5167785234899,15.2549800872803,13.6665096282959,29270.0,No
Latvia,Europe,Northern Europe,Northern Europe,33621087275.5058,86.13545644,8342000.0,79.9,70.8,3.1905,1901548.0,30.0,111.845207214355,75.4328308105469,11660.0,Yes
Lebanon,Asia,Western Asia,Western Asia,32478246857.58,78.18077489,1936000.0,80.869,77.14,2.1038,6825442.0,4.6875,20.6038703918457,31.8285694122314,34350.0,No
Lesotho,Africa,Sub-Saharan Africa,Southern Africa,2098178810.17108,29.78780333,1142000.0,57.58,51.201,0.0692,2142252.0,23.3333333333333,12.3975496292114,8.01803970336914,5850.0,No
Liberia,Africa,Sub-Saharan Africa,Western Africa,2589500410.68347,7.984479722,,65.497,62.715,0.0376,5057677.0,12.3287671232877,9.15192031860352,14.6524200439453,9200.0,No
Libya,Africa,Northern Africa,Northern Africa,26353277728.1776,21.75892062,760000.0,75.951,70.097,2.0905,6871287.0,15.9574468085106,63.6385307312012,57.4972190856934,103040.0,No
Liechtenstein,Europe,Western Europe,Western Europe,7054504550.56754,99.54661245,98099.9984741211,85.5,80.7,,38137.0,12.0,27.5909099578857,48.8372116088867,180.0,Yes
Lithuania,Europe,Northern Europe,Northern Europe,52738342284.6823,81.58186838,6150000.0,81.0,71.5,6.3528,2794700.0,26.9503546099291,85.7025527954102,62.4353408813477,18840.0,Yes
Luxembourg,Europe,Western Europe,Western Europe,45156061646.4829,97.06129871,1041000.0,84.7,80.3,3.009,632275.0,30.0,19.9639797210693,17.3039608001709,10220.0,Yes
"Macao SAR, China",Asia,Eastern Asia,Eastern Asia,48827470416.9506,86.46792571,39406000.0,87.179,81.281,1.562,649342.0,,115.811836242676,85.1034698486328,820.329836,Yes
Madagascar,Africa,Sub-Saharan Africa,Eastern Africa,13302769992.5028,4.713662899,486000.0,68.682,65.417,0.1812,27691019.0,17.8807947019868,5.21414995193481,5.48737001419067,30570.0,No
Malawi,Africa,Sub-Saharan Africa,Eastern Africa,11770810654.2474,13.78216439,871000.0,67.413,61.101,0.0358,19129955.0,22.9166666666667,0.635389983654022,1.01835000514984,18320.0,No
Malaysia,Asia,South-eastern Asia,South-eastern Asia,330425187040.947,84.21322418,26101000.0,78.317,74.234,1.5358,32365998.0,14.8648648648649,48.7429313659668,37.7102203369141,306670.0,No
Maldives,Asia,Southern Asia,Southern Asia,3759281687.21609,63.18566588,1703000.0,80.779,77.523,4.5627,540542.0,4.59770114942529,59.7783203125,16.617790222168,2380.0,No
Mali,Africa,Sub-Saharan Africa,Western Africa,16749289497.6598,12.72064096,217000.0,60.085,58.529,0.1286,20250834.0,27.891156462585,3.23422002792358,7.73753023147583,43740.0,No
Malta,Europe,Southern Europe,Southern Europe,13329361714.5839,85.77859638,3519000.0,84.7,80.6,2.8598,525285.0,13.4328358208955,68.7696914672852,50.3982582092285,2040.0,Yes
Marshall Islands,Oceania,Micronesia,Micronesia,292637300.0,38.70116262,6099.99990463257,67.8,62.8,0.4233,59194.0,6.06060606060606,27.4030094146729,24.3472595214844,240.0,No
Mauritania,Africa,Sub-Saharan Africa,Western Africa,7746329271.26922,20.80096366,30000.0,66.515,63.305,0.1865,4649660.0,20.2614379084967,4.36028003692627,7.12800979614258,14080.0,No
Mauritius,Africa,Sub-Saharan Africa,Eastern Africa,11895691998.0311,63.99989817,1418000.0,77.56,71.07,2.5331,1265740.0,20.0,47.4572296142578,33.8600082397461,6740.0,No
Mexico,Americas,Latin America and the Caribbean,Central America,1038393916174.88,70.06991047,97406000.0,77.879,72.203,2.3827,128932753.0,48.2,42.3089981079102,40.7470817565918,679880.0,No
"Micronesia, Fed. Sts.",Oceania,Micronesia,Micronesia,463133500.0,35.30405287,18000.0,69.596,66.232,0.177,115021.0,0.0,20.9668197631836,23.8408794403076,270.0,No
Moldova,Europe,Eastern Europe,Eastern Europe,12386780905.2635,76.12451989,174000.0,76.157,67.624,3.2066,2617820.0,24.7524752475248,45.1846618652344,33.5264205932617,13180.0,No
Monaco,Europe,Western Europe,Western Europe,,97.05297684,363000.0,,,7.5067,39244.0,33.3333333333333,,,,No
Mongolia,Asia,Eastern Asia,Eastern Asia,11870689059.4776,51.07999408,637000.0,74.142,65.799,2.8592,3278292.0,17.3333333333333,76.6581268310547,54.6832504272461,52620.0,No
Montenegro,Europe,Southern Europe,Southern Europe,4848798062.67806,73.47666575,2510000.0,79.303,74.441,2.7557,621718.0,22.2222222222222,62.4080009460449,46.5841407775879,3800.0,No
Morocco,Africa,Northern Africa,Northern Africa,111167208438.632,74.37631447,13109000.0,77.895,75.423,0.7308,36910558.0,20.5063291139241,39.0513610839844,38.0608596801758,94290.0,No
Mozambique,Africa,Sub-Saharan Africa,Eastern Africa,13558723676.1599,20.7740003,2033000.0,63.671,57.782,0.0838,31255435.0,42.4,6.53363990783691,8.108229637146,35040.0,No
Myanmar,Asia,South-eastern Asia,South-eastern Asia,73922116985.8019,23.62108195,4364000.0,70.119,64.046,0.677,54409794.0,16.8253968253968,21.9838695526123,15.6325302124023,119650.0,No
Namibia,Africa,Sub-Saharan Africa,Southern Africa,10518846493.4957,36.83740647,1651000.0,66.516,60.685,0.4182,2540916.0,43.2692307692308,30.2642498016357,15.310230255127,11930.0,No
Nauru,Oceania,Micronesia,Micronesia,174152481.762266,62.38512451,,,,1.3462,10834.0,10.5263157894737,,,80.0,Yes
Nepal,Asia,Southern Asia,Southern Asia,34053537648.91,21.40351043,1197000.0,72.208,69.259,0.7486,29136808.0,32.7272727272727,13.6898803710938,12.9421796798706,51240.0,No
Netherlands,Europe,Western Europe,Western Europe,910599597341.175,93.2885906,20129000.0,83.6,80.5,3.6054,17441139.0,33.3333333333333,92.8585510253906,81.5980377197266,178640.0,Yes
New Caledonia,Oceania,Melanesia,Melanesia,2682347064.3642,82.0058408,474000.0,80.4,75.0,1.982,271960.0,,,,1324.33131,No
New Zealand,Oceania,Australia and New Zealand,Australia and New Zealand,203900850487.803,90.81109307,3888000.0,83.5,80.0,3.5898,5084300.0,48.3333333333333,99.1354064941406,67.7351531982422,81330.0,Yes
Nicaragua,Americas,Latin America and the Caribbean,Central America,12257976087.4165,27.86304001,1455000.0,77.982,70.944,0.9775,6624554.0,47.2527472527472,18.350170135498,16.5146999359131,19070.0,No
Niger,Africa,Sub-Saharan Africa,Western Africa,13156292048.4515,5.250487687,192000.0,63.621,61.281,0.0433,24206636.0,16.9590643274854,3.27413988113403,5.14469003677368,45050.0,No
Nigeria,Africa,Sub-Saharan Africa,Western Africa,416521073586.096,7.469439317,5265000.0,55.619,53.789,0.3806,206139587.0,7.22222222222222,8.30039978027344,11.9958400726318,311450.0,No
North Macedonia,Europe,Southern Europe,Southern Europe,11797104839.3205,79.16775519,758000.0,77.846,73.794,2.8736,2083380.0,39.1666666666667,49.2456207275391,37.324031829834,10510.0,No
Northern Mariana Islands,Oceania,Micronesia,Micronesia,,0.0,487000.0,,,0.445,57557.0,,,,4.8212886,No
Norway,Europe,Northern Europe,Northern Europe,378193822462.165,98.00000439,5879000.0,84.7,81.2,2.9164,5379475.0,41.4201183431953,99.6901779174805,67.4101715087891,47340.0,Yes
Oman,Asia,Western Asia,Western Asia,70189256796.0154,92.40844424,3506000.0,80.343,76.127,2.0031,5106622.0,2.32558139534884,55.3256416320801,29.7357997894287,82300.0,Yes
Pakistan,Asia,Southern Asia,Southern Asia,258004551597.38,17.07090203,966000.0,68.287,66.337,0.9801,220892331.0,20.1754385964912,8.3204402923584,9.554030418396,431220.0,No
Palau,Oceania,Micronesia,Micronesia,286202700.0,26.97033263,94000.0,72.1,66.3,1.4205,18092.0,6.25,66.4021224975586,43.9172706604004,320.0,Yes
Panama,Americas,Latin America and the Caribbean,Central America,49446497564.8733,63.62841477,2494000.0,81.756,75.421,1.5687,4314768.0,22.5352112676056,58.5902214050293,37.3071784973145,18010.0,No
Papua New Guinea,Oceania,Melanesia,Melanesia,23142440302.5796,11.20919659,211000.0,65.82,63.271,0.0699,8947027.0,0.0,1.28269994258881,2.24995994567871,22970.0,No
Paraguay,Americas,Latin America and the Caribbean,South America,34155784529.9814,68.51762842,4368000.0,76.396,72.263,1.3544,7132530.0,16.25,40.8820686340332,28.64208984375,49170.0,No
Peru,Americas,Latin America and the Caribbean,South America,195375632149.704,59.9505036,5275000.0,79.507,74.06,1.3048,32971846.0,26.1538461538462,72.673210144043,68.7342987060547,96280.0,No
Philippines,Asia,South-eastern Asia,South-eastern Asia,389323919372.292,43.02661187,8261000.0,75.505,67.263,0.6004,109581085.0,27.9605263157895,40.4190216064453,30.7770309448242,232340.0,No
Poland,Europe,Eastern Europe,Eastern Europe,576100162523.572,84.51645192,88515000.0,81.8,74.1,2.3788,37950802.0,28.695652173913,82.9814529418945,54.8176612854004,389650.0,Yes
Portugal,Europe,Southern Europe,Southern Europe,227792376716.052,75.34637155,17174000.0,83.5,78.0,5.124,10305564.0,40.0,70.0112380981445,61.2869987487793,66820.0,Yes
Puerto Rico,Americas,Latin America and the Caribbean,Caribbean,70186900000.0,70.8743212,4931000.0,83.498,76.529,1.75,3194034.0,,135.158996582031,85.6796722412109,2857.9248,Yes
Qatar,Asia,Western Asia,Western Asia,143321116339.038,99.65280421,2136500.0,82.01,79.142,2.4852,2881060.0,9.75609756097561,56.5708808898926,7.32206010818481,99830.0,Yes
Romania,Europe,Eastern Europe,Eastern Europe,244536087252.592,73.65748258,12815000.0,79.3,71.8,2.9807,19286123.0,21.8844984802432,57.4159507751465,45.0736618041992,109010.0,No
Russian Federation,Europe,Eastern Europe,Eastern Europe,1448704617346.39,82.64216187,24419000.0,78.17,68.24,4.0139,144104080.0,15.7777777777778,91.723876953125,77.7532501220703,2543400.0,No
Rwanda,Africa,Sub-Saharan Africa,Eastern Africa,10097234351.343,21.76763262,1634000.0,71.132,66.821,0.134,12952209.0,61.25,5.68202018737793,6.79928016662598,6170.0,No
Samoa,Oceania,Polynesia,Polynesia,783561272.147676,33.61093932,181000.0,75.464,71.324,0.3445,198410.0,10.0,20.3042602539063,9.58588981628418,690.0,No
San Marino,Europe,Southern Europe,Southern Europe,,60.18230126,1904000.0,86.8,84.1,6.1094,33938.0,33.3333333333333,44.4168701171875,57.6251487731934,,No
Sao Tome and Principe,Africa,Sub-Saharan Africa,Middle Africa,471514468.073323,29.9312292,33400.0015258789,72.814,67.98,0.0531,219161.0,23.6363636363636,13.6516399383545,13.1232995986938,190.0,No
Saudi Arabia,Asia,Western Asia,Western Asia,715551421487.333,95.7247356,20292000.0,76.759,73.935,2.6117,34813867.0,19.8675496688742,73.6826705932617,68.3358001708984,638120.0,Yes
Senegal,Africa,Sub-Saharan Africa,Western Africa,24309777731.7377,29.64312367,1376000.0,69.918,65.757,0.0691,16743930.0,43.030303030303,11.2628698348999,15.0133495330811,29990.0,No
Serbia,Europe,Southern Europe,Southern Europe,51360419697.7026,77.41677362,1847000.0,78.4,73.1,3.1131,6908224.0,38.8,79.2840423583984,56.9651794433594,62600.0,No
Seychelles,Africa,Sub-Saharan Africa,Eastern Africa,1064318181.81818,58.76981124,428000.0,78.4,69.7,2.1212,98462.0,24.2424242424242,26.7329902648926,12.0218601226807,780.0,No
Sierra Leone,Africa,Sub-Saharan Africa,Western Africa,3720678059.36576,13.23693043,71000.0,55.495,53.853,0.0251,7976985.0,12.3287671232877,1.14280998706818,2.75313997268677,7190.0,No
Singapore,Asia,South-eastern Asia,South-eastern Asia,298439225918.678,88.94925269,19116000.0,85.7,81.4,2.2936,5685807.0,29.4736842105263,95.4178237915039,82.9130020141602,66640.0,Yes
Sint Maarten (Dutch part),Americas,Latin America and the Caribbean,Caribbean,1159301620.11173,,1952000.0,82.8,74.0,,40812.0,,8.96226024627686,2.64650011062622,,Yes
Slovak Republic,Europe,Eastern Europe,Eastern Europe,102777125683.566,82.8536605,15406000.0,80.8,74.3,3.4156,5458827.0,22.6666666666667,54.8890991210938,36.3080902099609,39930.0,Yes
Slovenia,Europe,Southern Europe,Southern Europe,53306118486.0391,83.1083578,4702000.0,84.2,78.5,3.0861,2100126.0,27.7777777777778,91.6323394775391,63.4781112670898,17170.0,Yes
Solomon Islands,Oceania,Melanesia,Melanesia,1587694450.53206,11.92422906,28899.9996185303,74.866,71.3,0.1937,686878.0,6.38297872340426,,,940.0,No
Somalia,Africa,Sub-Saharan Africa,Eastern Africa,4882094592.75649,2.004048698,,59.132,55.725,0.023,15893219.0,24.3636363636364,0.975910007953644,3.93056011199951,26970.0,No
South Africa,Africa,Sub-Saharan Africa,Southern Africa,296205721888.908,56.16739447,14797000.0,67.679,60.726,0.9054,59308690.0,46.75,28.314380645752,19.3534603118896,513440.0,No
South Sudan,Africa,Sub-Saharan Africa,Eastern Africa,10522800760.2242,7.977428907,,59.383,56.351,,11193729.0,28.4595300261097,,,58660.0,No
Spain,Europe,Southern Europe,Southern Europe,1395571627631.37,90.71866533,126170000.0,86.2,80.9,3.8723,47351567.0,44.0,99.9683532714844,82.6629104614258,326940.0,Yes
Sri Lanka,Asia,Southern Asia,Southern Asia,78522599256.8069,34.1133479,2027000.0,80.261,73.596,1.0041,21919000.0,5.38116591928251,26.0155391693115,16.219820022583,35240.0,No
St. Kitts and Nevis,Americas,Latin America and the Caribbean,Caribbean,914351566.904859,80.71019081,1107000.0,74.0,68.8,2.6758,53192.0,25.0,115.880889892578,57.7263793945313,370.0,Yes
St. Lucia,Americas,Latin America and the Caribbean,Caribbean,1605087491.1369,50.81524478,1220000.0,77.58,74.851,0.6409,183629.0,16.6666666666667,20.8813991546631,9.85713958740234,740.0,No
St. Martin (French part),Americas,Latin America and the Caribbean,Caribbean,,,,83.2,76.9,,38659.0,,,,,No
St. Vincent and the Grenadines,Americas,Latin America and the Caribbean,Caribbean,812040777.777778,20.68943522,392000.0,75.131,70.289,0.6648,110947.0,18.1818181818182,29.7721691131592,17.7863101959229,370.0,No
Sudan,Africa,Northern Africa,Northern Africa,24416240960.5363,30.87029573,836000.0,67.187,63.467,0.2618,43849269.0,30.5164319248826,17.0607109069824,16.7805309295654,109630.0,No
Suriname,Americas,Latin America and the Caribbean,South America,3357822879.85391,48.94517397,279000.0,75.063,68.468,1.2101,586634.0,29.4117647058824,15.7260999679565,9.46100997924805,3780.0,No
Sweden,Europe,Northern Europe,Northern Europe,554400941840.654,94.49344341,7616000.0,84.7,81.3,3.984,10353442.0,46.9914040114613,89.779296875,56.1454086303711,46350.0,Yes
Switzerland,Europe,Western Europe,Western Europe,736487866971.9,93.14608695,11818000.0,85.6,81.9,4.2957,8636896.0,41.5,62.3120307922363,60.4768409729004,46020.0,Yes
Syrian Arab Republic,Asia,Western Asia,Western Asia,39715797004.4053,34.25340193,2424000.0,78.103,67.941,1.2874,17500657.0,11.2,42.7907409667969,37.470588684082,46320.0,No
Tajikistan,Asia,Central Asia,Central Asia,9558305215.12512,21.96,1035000.0,73.389,68.935,2.1026,9537642.0,23.8095238095238,26.8537101745605,35.4716682434082,15210.0,No
Tanzania,Africa,Sub-Saharan Africa,Eastern Africa,61909170639.1114,15.99999943,1527000.0,67.233,63.643,0.014,59734213.0,36.71875,2.45300006866455,3.72779011726379,105380.0,No
Thailand,Asia,South-eastern Asia,South-eastern Asia,487771787931.756,66.65241317,39916000.0,80.9,73.46,0.805,69799978.0,15.7464212678937,57.7692413330078,41.0487785339355,416950.0,No
Timor-Leste,Asia,South-eastern Asia,South-eastern Asia,2438000000.0,27.49273173,74800.0030517578,71.635,67.492,0.7224,1318442.0,38.4615384615385,14.8158903121948,20.6251907348633,6190.0,No
Togo,Africa,Sub-Saharan Africa,Western Africa,7591294394.75595,12.36022497,876000.0,61.918,60.152,0.0774,8278737.0,18.6813186813187,9.7083101272583,18.3031101226807,8420.0,No
Tonga,Oceania,Polynesia,Polynesia,537659404.023064,41.24872764,94000.0,72.887,68.967,0.5403,105697.0,7.40740740740741,8.01109981536865,4.82720994949341,350.0,No
Trinidad and Tobago,Americas,Latin America and the Caribbean,Caribbean,21327831526.7453,77.32605293,480000.0,76.224,70.874,4.1675,1399491.0,26.1904761904762,13.3610601425171,10.563850402832,22900.0,Yes
Tunisia,Africa,Northern Africa,Northern Africa,38195973106.6131,66.6999983,9429000.0,78.721,74.688,1.3025,11818618.0,24.8847926267281,41.7346801757813,22.6101093292236,41100.0,No
Turkey,Asia,Western Asia,Western Asia,711417939848.431,73.97670403,51747000.0,80.563,74.724,1.8492,84339067.0,17.3174872665535,107.051193237305,119.17520904541,502520.0,No
Turkmenistan,Asia,Central Asia,Central Asia,43575785421.098,21.25099741,380000.0,71.717,64.705,2.2247,6031187.0,25.0,12.8459796905518,15.582070350647,125080.0,No
Turks and Caicos Islands,Americas,Latin America and the Caribbean,Caribbean,1180656430.1373,0.0,1599000.0,,,,38718.0,,0.270029991865158,0.178409993648529,2.3167859,Yes
Tuvalu,Oceania,Polynesia,Polynesia,67515587.3649439,49.31833862,2700.00004768372,,,0.9174,11792.0,6.25,,,30.0,No
Uganda,Africa,Sub-Saharan Africa,Eastern Africa,36757733549.1329,23.70653091,1402000.0,65.622,61.0,0.168,45741000.0,34.8583877995643,4.09987020492554,5.61852979660034,54870.0,No
Ukraine,Europe,Eastern Europe,Eastern Europe,157996179170.917,62.55315539,13710000.0,76.98,66.92,2.9923,44134693.0,20.8037825059102,88.8146591186523,76.8285293579102,274510.0,No
United Arab Emirates,Asia,Western Asia,Western Asia,423200811164.057,99.14999796,21553000.0,79.314,77.291,2.5278,9890400.0,50.0,,,263240.0,Yes
United Kingdom,Europe,Northern Europe,Northern Europe,2778814970160.26,92.51662855,40857000.0,83.1,79.4,2.8117,67215293.0,33.8461538461538,71.1469802856445,51.9860305786133,452080.0,Yes
United States,Americas,Northern America,Northern America,21690015000000.0,88.49890317,166009000.0,81.4,76.3,2.612,329484123.0,27.4647887323944,102.354042053223,74.8950500488281,6023620.0,Yes
Uruguay,Americas,Latin America and the Caribbean,South America,50878935886.9691,76.94955197,3480000.0,81.478,74.119,5.0794,3473727.0,21.2121212121212,57.9574890136719,34.5166206359863,36160.0,Yes
Uzbekistan,Asia,Central Asia,Central Asia,57465921184.1451,55.20000067,6749000.0,73.829,69.592,2.3742,34232050.0,32.0,11.3700304031372,13.742919921875,235510.0,No
Vanuatu,Oceania,Melanesia,Melanesia,844714948.864621,25.71978784,256000.0,72.154,68.985,0.1653,307150.0,0.0,3.49792003631592,5.93846988677979,870.0,No
"Venezuela, RB",Americas,Latin America and the Caribbean,South America,476933862544.158,64.31336383,429000.0,76.004,68.327,1.9475,28435943.0,22.1556886227545,100.29158782959,59.3498992919922,233920.0,Yes
Vietnam,Asia,South-eastern Asia,South-eastern Asia,256920558288.034,68.7,18009000.0,79.523,71.301,0.8281,97338583.0,26.7206477732794,31.7171592712402,25.5294208526611,376530.0,No
Virgin Islands (U.S.),Americas,Latin America and the Caribbean,Caribbean,,64.3774943,2074000.0,83.1,76.4,1.645,106290.0,,,,44.728346,No
West Bank and Gaza,Asia,Western Asia,Western Asia,18107200000.0,70.62260685,688000.0,75.755,72.416,0.837,4803269.0,,53.8997383117676,32.9342384338379,,No
"Yemen, Rep.",Asia,Western Asia,Western Asia,23469269598.9858,26.71835477,398000.0,67.826,64.443,0.5251,29825968.0,0.332225913621262,6.16967010498047,14.0159301757813,21760.0,No
Zambia,Africa,Sub-Saharan Africa,Eastern Africa,18797913225.5057,14.2999971,1266000.0,66.891,60.848,1.1867,18383956.0,16.7664670658683,3.50166988372803,4.75028991699219,40670.0,No
Zimbabwe,Africa,Sub-Saharan Africa,Eastern Africa,16494622182.6751,27.05548769,2294000.0,62.899,59.798,0.2096,14862927.0,31.8518518518519,9.17212963104248,10.919659614563,31380.0,No
